"Date","Source","Site ID","POC","Daily Max 1-hour NO2 Concentration","UNITS","DAILY_AQI_VALUE","Site Name","DAILY_OBS_COUNT","PERCENT_COMPLETE","AQS_PARAMETER_CODE","AQS_PARAMETER_DESC","CBSA_CODE","CBSA_NAME","STATE_CODE","STATE","COUNTY_CODE","COUNTY","SITE_LATITUDE","SITE_LONGITUDE"
"03/30/2012","AQS","484530014","2","10.8","ppb","9","Austin North Hills Drive","24","100.0000","42602","Nitrogen dioxide (NO2)","12420","Austin-Round Rock, TX","48","Texas","453","Travis","30.354944","-97.761803"
"03/31/2012","AQS","484530014","2","8.9","ppb","8","Austin North Hills Drive","24","100.0000","42602","Nitrogen dioxide (NO2)","12420","Austin-Round Rock, TX","48","Texas","453","Travis","30.354944","-97.761803"
"04/01/2012","AQS","484530014","2","4.2","ppb","4","Austin North Hills Drive","22","92.0000","42602","Nitrogen dioxide (NO2)","12420","Austin-Round Rock, TX","48","Texas","453","Travis","30.354944","-97.761803"
"04/02/2012","AQS","484530014","2","9","ppb","8","Austin North Hills Drive","24","100.0000","42602","Nitrogen dioxide (NO2)","12420","Austin-Round Rock, TX","48","Texas","453","Travis","30.354944","-97.761803"
"04/03/2012","AQS","484530014","2","13.1","ppb","12","Austin North Hills Drive","24","100.0000","42602","Nitrogen dioxide (NO2)","12420","Austin-Round Rock, TX","48","Texas","453","Travis","30.354944","-97.761803"
"04/04/2012","AQS","484530014","2","16.1","ppb","15","Austin North Hills Drive","18","75.0000","42602","Nitrogen dioxide (NO2)","12420","Austin-Round Rock, TX","48","Texas","453","Travis","30.354944","-97.761803"
"04/05/2012","AQS","484530014","2","12.5","ppb","11","Austin North Hills Drive","24","100.0000","42602","Nitrogen dioxide (NO2)","12420","Austin-Round Rock, TX","48","Texas","453","Travis","30.354944","-97.761803"
"04/06/2012","AQS","484530014","2","16","ppb","15","Austin North Hills Drive","24","100.0000","42602","Nitrogen dioxide (NO2)","12420","Austin-Round Rock, TX","48","Texas","453","Travis","30.354944","-97.761803"
"04/07/2012","AQS","484530014","2","8.3","ppb","8","Austin North Hills Drive","24","100.0000","42602","Nitrogen dioxide (NO2)","12420","Austin-Round Rock, TX","48","Texas","453","Travis","30.354944","-97.761803"
"04/08/2012","AQS","484530014","2","8.3","ppb","8","Austin North Hills Drive","22","92.0000","42602","Nitrogen dioxide (NO2)","12420","Austin-Round Rock, TX","48","Texas","453","Travis","30.354944","-97.761803"
"04/09/2012","AQS","484530014","2","10.2","ppb","9","Austin North Hills Drive","24","100.0000","42602","Nitrogen dioxide (NO2)","12420","Austin-Round Rock, TX","48","Texas","453","Travis","30.354944","-97.761803"
"04/10/2012","AQS","484530014","2","12.2","ppb","11","Austin North Hills Drive","24","100.0000","42602","Nitrogen dioxide (NO2)","12420","Austin-Round Rock, TX","48","Texas","453","Travis","30.354944","-97.761803"
"04/11/2012","AQS","484530014","2","7.9","ppb","7","Austin North Hills Drive","24","100.0000","42602","Nitrogen dioxide (NO2)","12420","Austin-Round Rock, TX","48","Texas","453","Travis","30.354944","-97.761803"
"04/12/2012","AQS","484530014","2","12.5","ppb","11","Austin North Hills Drive","24","100.0000","42602","Nitrogen dioxide (NO2)","12420","Austin-Round Rock, TX","48","Texas","453","Travis","30.354944","-97.761803"
"04/13/2012","AQS","484530014","2","10","ppb","9","Austin North Hills Drive","24","100.0000","42602","Nitrogen dioxide (NO2)","12420","Austin-Round Rock, TX","48","Texas","453","Travis","30.354944","-97.761803"
"04/14/2012","AQS","484530014","2","4.3","ppb","4","Austin North Hills Drive","24","100.0000","42602","Nitrogen dioxide (NO2)","12420","Austin-Round Rock, TX","48","Texas","453","Travis","30.354944","-97.761803"
"04/15/2012","AQS","484530014","2","22.8","ppb","21","Austin North Hills Drive","20","83.0000","42602","Nitrogen dioxide (NO2)","12420","Austin-Round Rock, TX","48","Texas","453","Travis","30.354944","-97.761803"
"04/16/2012","AQS","484530014","2","13.7","ppb","12","Austin North Hills Drive","24","100.0000","42602","Nitrogen dioxide (NO2)","12420","Austin-Round Rock, TX","48","Texas","453","Travis","30.354944","-97.761803"
"04/17/2012","AQS","484530014","2","15.2","ppb","14","Austin North Hills Drive","24","100.0000","42602","Nitrogen dioxide (NO2)","12420","Austin-Round Rock, TX","48","Texas","453","Travis","30.354944","-97.761803"
"04/18/2012","AQS","484530014","2","18.5","ppb","17","Austin North Hills Drive","24","100.0000","42602","Nitrogen dioxide (NO2)","12420","Austin-Round Rock, TX","48","Texas","453","Travis","30.354944","-97.761803"
"04/19/2012","AQS","484530014","2","8.6","ppb","8","Austin North Hills Drive","24","100.0000","42602","Nitrogen dioxide (NO2)","12420","Austin-Round Rock, TX","48","Texas","453","Travis","30.354944","-97.761803"
"04/20/2012","AQS","484530014","2","10.6","ppb","9","Austin North Hills Drive","24","100.0000","42602","Nitrogen dioxide (NO2)","12420","Austin-Round Rock, TX","48","Texas","453","Travis","30.354944","-97.761803"
"04/21/2012","AQS","484530014","2","19.9","ppb","18","Austin North Hills Drive","24","100.0000","42602","Nitrogen dioxide (NO2)","12420","Austin-Round Rock, TX","48","Texas","453","Travis","30.354944","-97.761803"
"04/22/2012","AQS","484530014","2","11.3","ppb","10","Austin North Hills Drive","22","92.0000","42602","Nitrogen dioxide (NO2)","12420","Austin-Round Rock, TX","48","Texas","453","Travis","30.354944","-97.761803"
"04/23/2012","AQS","484530014","2","18.8","ppb","17","Austin North Hills Drive","24","100.0000","42602","Nitrogen dioxide (NO2)","12420","Austin-Round Rock, TX","48","Texas","453","Travis","30.354944","-97.761803"
"04/25/2012","AQS","484530014","2","4.4","ppb","4","Austin North Hills Drive","24","100.0000","42602","Nitrogen dioxide (NO2)","12420","Austin-Round Rock, TX","48","Texas","453","Travis","30.354944","-97.761803"
"04/26/2012","AQS","484530014","2","9.1","ppb","8","Austin North Hills Drive","24","100.0000","42602","Nitrogen dioxide (NO2)","12420","Austin-Round Rock, TX","48","Texas","453","Travis","30.354944","-97.761803"
"04/27/2012","AQS","484530014","2","7.6","ppb","7","Austin North Hills Drive","23","96.0000","42602","Nitrogen dioxide (NO2)","12420","Austin-Round Rock, TX","48","Texas","453","Travis","30.354944","-97.761803"
"04/28/2012","AQS","484530014","2","7","ppb","7","Austin North Hills Drive","24","100.0000","42602","Nitrogen dioxide (NO2)","12420","Austin-Round Rock, TX","48","Texas","453","Travis","30.354944","-97.761803"
"04/29/2012","AQS","484530014","2","3.8","ppb","3","Austin North Hills Drive","22","92.0000","42602","Nitrogen dioxide (NO2)","12420","Austin-Round Rock, TX","48","Texas","453","Travis","30.354944","-97.761803"
"04/30/2012","AQS","484530014","2","6.9","ppb","6","Austin North Hills Drive","20","83.0000","42602","Nitrogen dioxide (NO2)","12420","Austin-Round Rock, TX","48","Texas","453","Travis","30.354944","-97.761803"
"05/01/2012","AQS","484530014","2","7.2","ppb","7","Austin North Hills Drive","22","92.0000","42602","Nitrogen dioxide (NO2)","12420","Austin-Round Rock, TX","48","Texas","453","Travis","30.354944","-97.761803"
"05/02/2012","AQS","484530014","2","14.2","ppb","13","Austin North Hills Drive","22","92.0000","42602","Nitrogen dioxide (NO2)","12420","Austin-Round Rock, TX","48","Texas","453","Travis","30.354944","-97.761803"
"05/03/2012","AQS","484530014","2","7.6","ppb","7","Austin North Hills Drive","21","88.0000","42602","Nitrogen dioxide (NO2)","12420","Austin-Round Rock, TX","48","Texas","453","Travis","30.354944","-97.761803"
"05/04/2012","AQS","484530014","2","6.1","ppb","6","Austin North Hills Drive","24","100.0000","42602","Nitrogen dioxide (NO2)","12420","Austin-Round Rock, TX","48","Texas","453","Travis","30.354944","-97.761803"
"05/05/2012","AQS","484530014","2","3.8","ppb","3","Austin North Hills Drive","24","100.0000","42602","Nitrogen dioxide (NO2)","12420","Austin-Round Rock, TX","48","Texas","453","Travis","30.354944","-97.761803"
"05/06/2012","AQS","484530014","2","6.4","ppb","6","Austin North Hills Drive","22","92.0000","42602","Nitrogen dioxide (NO2)","12420","Austin-Round Rock, TX","48","Texas","453","Travis","30.354944","-97.761803"
"05/07/2012","AQS","484530014","2","8.8","ppb","8","Austin North Hills Drive","24","100.0000","42602","Nitrogen dioxide (NO2)","12420","Austin-Round Rock, TX","48","Texas","453","Travis","30.354944","-97.761803"
"05/11/2012","AQS","484530014","2","13.4","ppb","12","Austin North Hills Drive","24","100.0000","42602","Nitrogen dioxide (NO2)","12420","Austin-Round Rock, TX","48","Texas","453","Travis","30.354944","-97.761803"
"05/12/2012","AQS","484530014","2","5.4","ppb","5","Austin North Hills Drive","24","100.0000","42602","Nitrogen dioxide (NO2)","12420","Austin-Round Rock, TX","48","Texas","453","Travis","30.354944","-97.761803"
"05/13/2012","AQS","484530014","2","17.3","ppb","16","Austin North Hills Drive","20","83.0000","42602","Nitrogen dioxide (NO2)","12420","Austin-Round Rock, TX","48","Texas","453","Travis","30.354944","-97.761803"
"05/14/2012","AQS","484530014","2","12.7","ppb","11","Austin North Hills Drive","24","100.0000","42602","Nitrogen dioxide (NO2)","12420","Austin-Round Rock, TX","48","Texas","453","Travis","30.354944","-97.761803"
"05/15/2012","AQS","484530014","2","18.1","ppb","17","Austin North Hills Drive","24","100.0000","42602","Nitrogen dioxide (NO2)","12420","Austin-Round Rock, TX","48","Texas","453","Travis","30.354944","-97.761803"
"05/16/2012","AQS","484530014","2","16","ppb","15","Austin North Hills Drive","24","100.0000","42602","Nitrogen dioxide (NO2)","12420","Austin-Round Rock, TX","48","Texas","453","Travis","30.354944","-97.761803"
"05/17/2012","AQS","484530014","2","17.4","ppb","16","Austin North Hills Drive","24","100.0000","42602","Nitrogen dioxide (NO2)","12420","Austin-Round Rock, TX","48","Texas","453","Travis","30.354944","-97.761803"
"05/18/2012","AQS","484530014","2","21.2","ppb","20","Austin North Hills Drive","24","100.0000","42602","Nitrogen dioxide (NO2)","12420","Austin-Round Rock, TX","48","Texas","453","Travis","30.354944","-97.761803"
"05/19/2012","AQS","484530014","2","5.9","ppb","5","Austin North Hills Drive","24","100.0000","42602","Nitrogen dioxide (NO2)","12420","Austin-Round Rock, TX","48","Texas","453","Travis","30.354944","-97.761803"
"05/20/2012","AQS","484530014","2","11.7","ppb","10","Austin North Hills Drive","22","92.0000","42602","Nitrogen dioxide (NO2)","12420","Austin-Round Rock, TX","48","Texas","453","Travis","30.354944","-97.761803"
"05/21/2012","AQS","484530014","2","8.6","ppb","8","Austin North Hills Drive","24","100.0000","42602","Nitrogen dioxide (NO2)","12420","Austin-Round Rock, TX","48","Texas","453","Travis","30.354944","-97.761803"
"05/22/2012","AQS","484530014","2","15.7","ppb","14","Austin North Hills Drive","24","100.0000","42602","Nitrogen dioxide (NO2)","12420","Austin-Round Rock, TX","48","Texas","453","Travis","30.354944","-97.761803"
"05/23/2012","AQS","484530014","2","7.2","ppb","7","Austin North Hills Drive","24","100.0000","42602","Nitrogen dioxide (NO2)","12420","Austin-Round Rock, TX","48","Texas","453","Travis","30.354944","-97.761803"
"05/24/2012","AQS","484530014","2","5.3","ppb","5","Austin North Hills Drive","24","100.0000","42602","Nitrogen dioxide (NO2)","12420","Austin-Round Rock, TX","48","Texas","453","Travis","30.354944","-97.761803"
"05/25/2012","AQS","484530014","2","7.8","ppb","7","Austin North Hills Drive","24","100.0000","42602","Nitrogen dioxide (NO2)","12420","Austin-Round Rock, TX","48","Texas","453","Travis","30.354944","-97.761803"
"05/26/2012","AQS","484530014","2","5.3","ppb","5","Austin North Hills Drive","24","100.0000","42602","Nitrogen dioxide (NO2)","12420","Austin-Round Rock, TX","48","Texas","453","Travis","30.354944","-97.761803"
"05/27/2012","AQS","484530014","2","3.5","ppb","3","Austin North Hills Drive","22","92.0000","42602","Nitrogen dioxide (NO2)","12420","Austin-Round Rock, TX","48","Texas","453","Travis","30.354944","-97.761803"
"05/28/2012","AQS","484530014","2","6.7","ppb","6","Austin North Hills Drive","24","100.0000","42602","Nitrogen dioxide (NO2)","12420","Austin-Round Rock, TX","48","Texas","453","Travis","30.354944","-97.761803"
"05/29/2012","AQS","484530014","2","10.4","ppb","9","Austin North Hills Drive","24","100.0000","42602","Nitrogen dioxide (NO2)","12420","Austin-Round Rock, TX","48","Texas","453","Travis","30.354944","-97.761803"
"05/30/2012","AQS","484530014","2","6.5","ppb","6","Austin North Hills Drive","24","100.0000","42602","Nitrogen dioxide (NO2)","12420","Austin-Round Rock, TX","48","Texas","453","Travis","30.354944","-97.761803"
"05/31/2012","AQS","484530014","2","8","ppb","8","Austin North Hills Drive","24","100.0000","42602","Nitrogen dioxide (NO2)","12420","Austin-Round Rock, TX","48","Texas","453","Travis","30.354944","-97.761803"
"06/01/2012","AQS","484530014","2","12.7","ppb","11","Austin North Hills Drive","24","100.0000","42602","Nitrogen dioxide (NO2)","12420","Austin-Round Rock, TX","48","Texas","453","Travis","30.354944","-97.761803"
"06/02/2012","AQS","484530014","2","8.4","ppb","8","Austin North Hills Drive","24","100.0000","42602","Nitrogen dioxide (NO2)","12420","Austin-Round Rock, TX","48","Texas","453","Travis","30.354944","-97.761803"
"06/03/2012","AQS","484530014","2","4.5","ppb","4","Austin North Hills Drive","22","92.0000","42602","Nitrogen dioxide (NO2)","12420","Austin-Round Rock, TX","48","Texas","453","Travis","30.354944","-97.761803"
"06/04/2012","AQS","484530014","2","14.2","ppb","13","Austin North Hills Drive","24","100.0000","42602","Nitrogen dioxide (NO2)","12420","Austin-Round Rock, TX","48","Texas","453","Travis","30.354944","-97.761803"
"06/06/2012","AQS","484530014","2","10.5","ppb","9","Austin North Hills Drive","18","75.0000","42602","Nitrogen dioxide (NO2)","12420","Austin-Round Rock, TX","48","Texas","453","Travis","30.354944","-97.761803"
"06/07/2012","AQS","484530014","2","8.2","ppb","8","Austin North Hills Drive","23","96.0000","42602","Nitrogen dioxide (NO2)","12420","Austin-Round Rock, TX","48","Texas","453","Travis","30.354944","-97.761803"
"06/08/2012","AQS","484530014","2","11.3","ppb","10","Austin North Hills Drive","24","100.0000","42602","Nitrogen dioxide (NO2)","12420","Austin-Round Rock, TX","48","Texas","453","Travis","30.354944","-97.761803"
"06/09/2012","AQS","484530014","2","14.6","ppb","13","Austin North Hills Drive","24","100.0000","42602","Nitrogen dioxide (NO2)","12420","Austin-Round Rock, TX","48","Texas","453","Travis","30.354944","-97.761803"
"06/10/2012","AQS","484530014","2","5","ppb","5","Austin North Hills Drive","20","83.0000","42602","Nitrogen dioxide (NO2)","12420","Austin-Round Rock, TX","48","Texas","453","Travis","30.354944","-97.761803"
"06/11/2012","AQS","484530014","2","5.9","ppb","5","Austin North Hills Drive","24","100.0000","42602","Nitrogen dioxide (NO2)","12420","Austin-Round Rock, TX","48","Texas","453","Travis","30.354944","-97.761803"
"06/12/2012","AQS","484530014","2","6.6","ppb","6","Austin North Hills Drive","24","100.0000","42602","Nitrogen dioxide (NO2)","12420","Austin-Round Rock, TX","48","Texas","453","Travis","30.354944","-97.761803"
"06/13/2012","AQS","484530014","2","13.6","ppb","12","Austin North Hills Drive","24","100.0000","42602","Nitrogen dioxide (NO2)","12420","Austin-Round Rock, TX","48","Texas","453","Travis","30.354944","-97.761803"
"06/14/2012","AQS","484530014","2","4.8","ppb","4","Austin North Hills Drive","24","100.0000","42602","Nitrogen dioxide (NO2)","12420","Austin-Round Rock, TX","48","Texas","453","Travis","30.354944","-97.761803"
"06/15/2012","AQS","484530014","2","7.1","ppb","7","Austin North Hills Drive","24","100.0000","42602","Nitrogen dioxide (NO2)","12420","Austin-Round Rock, TX","48","Texas","453","Travis","30.354944","-97.761803"
"06/16/2012","AQS","484530014","2","4.4","ppb","4","Austin North Hills Drive","24","100.0000","42602","Nitrogen dioxide (NO2)","12420","Austin-Round Rock, TX","48","Texas","453","Travis","30.354944","-97.761803"
"06/17/2012","AQS","484530014","2","4.6","ppb","4","Austin North Hills Drive","22","92.0000","42602","Nitrogen dioxide (NO2)","12420","Austin-Round Rock, TX","48","Texas","453","Travis","30.354944","-97.761803"
"06/18/2012","AQS","484530014","2","11.5","ppb","10","Austin North Hills Drive","24","100.0000","42602","Nitrogen dioxide (NO2)","12420","Austin-Round Rock, TX","48","Texas","453","Travis","30.354944","-97.761803"
"06/19/2012","AQS","484530014","2","5.3","ppb","5","Austin North Hills Drive","24","100.0000","42602","Nitrogen dioxide (NO2)","12420","Austin-Round Rock, TX","48","Texas","453","Travis","30.354944","-97.761803"
"06/20/2012","AQS","484530014","2","6","ppb","6","Austin North Hills Drive","20","83.0000","42602","Nitrogen dioxide (NO2)","12420","Austin-Round Rock, TX","48","Texas","453","Travis","30.354944","-97.761803"
"06/21/2012","AQS","484530014","2","11.9","ppb","10","Austin North Hills Drive","24","100.0000","42602","Nitrogen dioxide (NO2)","12420","Austin-Round Rock, TX","48","Texas","453","Travis","30.354944","-97.761803"
"06/22/2012","AQS","484530014","2","6.5","ppb","6","Austin North Hills Drive","18","75.0000","42602","Nitrogen dioxide (NO2)","12420","Austin-Round Rock, TX","48","Texas","453","Travis","30.354944","-97.761803"
"06/23/2012","AQS","484530014","2","18.5","ppb","17","Austin North Hills Drive","23","96.0000","42602","Nitrogen dioxide (NO2)","12420","Austin-Round Rock, TX","48","Texas","453","Travis","30.354944","-97.761803"
"06/24/2012","AQS","484530014","2","11.9","ppb","10","Austin North Hills Drive","22","92.0000","42602","Nitrogen dioxide (NO2)","12420","Austin-Round Rock, TX","48","Texas","453","Travis","30.354944","-97.761803"
"06/25/2012","AQS","484530014","2","20.4","ppb","19","Austin North Hills Drive","24","100.0000","42602","Nitrogen dioxide (NO2)","12420","Austin-Round Rock, TX","48","Texas","453","Travis","30.354944","-97.761803"
"06/26/2012","AQS","484530014","2","14.5","ppb","13","Austin North Hills Drive","24","100.0000","42602","Nitrogen dioxide (NO2)","12420","Austin-Round Rock, TX","48","Texas","453","Travis","30.354944","-97.761803"
"06/27/2012","AQS","484530014","2","27.7","ppb","25","Austin North Hills Drive","24","100.0000","42602","Nitrogen dioxide (NO2)","12420","Austin-Round Rock, TX","48","Texas","453","Travis","30.354944","-97.761803"
"06/28/2012","AQS","484530014","2","7.9","ppb","7","Austin North Hills Drive","24","100.0000","42602","Nitrogen dioxide (NO2)","12420","Austin-Round Rock, TX","48","Texas","453","Travis","30.354944","-97.761803"
"06/29/2012","AQS","484530014","2","9.1","ppb","8","Austin North Hills Drive","24","100.0000","42602","Nitrogen dioxide (NO2)","12420","Austin-Round Rock, TX","48","Texas","453","Travis","30.354944","-97.761803"
"06/30/2012","AQS","484530014","2","8.3","ppb","8","Austin North Hills Drive","24","100.0000","42602","Nitrogen dioxide (NO2)","12420","Austin-Round Rock, TX","48","Texas","453","Travis","30.354944","-97.761803"
"07/01/2012","AQS","484530014","2","6.1","ppb","6","Austin North Hills Drive","22","92.0000","42602","Nitrogen dioxide (NO2)","12420","Austin-Round Rock, TX","48","Texas","453","Travis","30.354944","-97.761803"
"07/02/2012","AQS","484530014","2","7.2","ppb","7","Austin North Hills Drive","24","100.0000","42602","Nitrogen dioxide (NO2)","12420","Austin-Round Rock, TX","48","Texas","453","Travis","30.354944","-97.761803"
"07/03/2012","AQS","484530014","2","9.2","ppb","8","Austin North Hills Drive","24","100.0000","42602","Nitrogen dioxide (NO2)","12420","Austin-Round Rock, TX","48","Texas","453","Travis","30.354944","-97.761803"
"07/04/2012","AQS","484530014","2","5.1","ppb","5","Austin North Hills Drive","24","100.0000","42602","Nitrogen dioxide (NO2)","12420","Austin-Round Rock, TX","48","Texas","453","Travis","30.354944","-97.761803"
"07/05/2012","AQS","484530014","2","6.6","ppb","6","Austin North Hills Drive","24","100.0000","42602","Nitrogen dioxide (NO2)","12420","Austin-Round Rock, TX","48","Texas","453","Travis","30.354944","-97.761803"
"07/06/2012","AQS","484530014","2","9.7","ppb","8","Austin North Hills Drive","24","100.0000","42602","Nitrogen dioxide (NO2)","12420","Austin-Round Rock, TX","48","Texas","453","Travis","30.354944","-97.761803"
"07/07/2012","AQS","484530014","2","6.4","ppb","6","Austin North Hills Drive","24","100.0000","42602","Nitrogen dioxide (NO2)","12420","Austin-Round Rock, TX","48","Texas","453","Travis","30.354944","-97.761803"
"07/08/2012","AQS","484530014","2","8.1","ppb","8","Austin North Hills Drive","20","83.0000","42602","Nitrogen dioxide (NO2)","12420","Austin-Round Rock, TX","48","Texas","453","Travis","30.354944","-97.761803"
"07/09/2012","AQS","484530014","2","9","ppb","8","Austin North Hills Drive","24","100.0000","42602","Nitrogen dioxide (NO2)","12420","Austin-Round Rock, TX","48","Texas","453","Travis","30.354944","-97.761803"
"07/10/2012","AQS","484530014","2","12.4","ppb","11","Austin North Hills Drive","24","100.0000","42602","Nitrogen dioxide (NO2)","12420","Austin-Round Rock, TX","48","Texas","453","Travis","30.354944","-97.761803"
"07/11/2012","AQS","484530014","2","10.9","ppb","9","Austin North Hills Drive","22","92.0000","42602","Nitrogen dioxide (NO2)","12420","Austin-Round Rock, TX","48","Texas","453","Travis","30.354944","-97.761803"
"07/12/2012","AQS","484530014","2","9","ppb","8","Austin North Hills Drive","24","100.0000","42602","Nitrogen dioxide (NO2)","12420","Austin-Round Rock, TX","48","Texas","453","Travis","30.354944","-97.761803"
"07/13/2012","AQS","484530014","2","13","ppb","12","Austin North Hills Drive","24","100.0000","42602","Nitrogen dioxide (NO2)","12420","Austin-Round Rock, TX","48","Texas","453","Travis","30.354944","-97.761803"
"07/14/2012","AQS","484530014","2","9.1","ppb","8","Austin North Hills Drive","24","100.0000","42602","Nitrogen dioxide (NO2)","12420","Austin-Round Rock, TX","48","Texas","453","Travis","30.354944","-97.761803"
"07/15/2012","AQS","484530014","2","7.7","ppb","7","Austin North Hills Drive","22","92.0000","42602","Nitrogen dioxide (NO2)","12420","Austin-Round Rock, TX","48","Texas","453","Travis","30.354944","-97.761803"
"07/16/2012","AQS","484530014","2","11.3","ppb","10","Austin North Hills Drive","24","100.0000","42602","Nitrogen dioxide (NO2)","12420","Austin-Round Rock, TX","48","Texas","453","Travis","30.354944","-97.761803"
"07/17/2012","AQS","484530014","2","8.8","ppb","8","Austin North Hills Drive","24","100.0000","42602","Nitrogen dioxide (NO2)","12420","Austin-Round Rock, TX","48","Texas","453","Travis","30.354944","-97.761803"
"07/18/2012","AQS","484530014","2","8.3","ppb","8","Austin North Hills Drive","24","100.0000","42602","Nitrogen dioxide (NO2)","12420","Austin-Round Rock, TX","48","Texas","453","Travis","30.354944","-97.761803"
"07/19/2012","AQS","484530014","2","8.7","ppb","8","Austin North Hills Drive","24","100.0000","42602","Nitrogen dioxide (NO2)","12420","Austin-Round Rock, TX","48","Texas","453","Travis","30.354944","-97.761803"
"07/21/2012","AQS","484530014","2","6.8","ppb","6","Austin North Hills Drive","24","100.0000","42602","Nitrogen dioxide (NO2)","12420","Austin-Round Rock, TX","48","Texas","453","Travis","30.354944","-97.761803"
"07/22/2012","AQS","484530014","2","6.8","ppb","6","Austin North Hills Drive","22","92.0000","42602","Nitrogen dioxide (NO2)","12420","Austin-Round Rock, TX","48","Texas","453","Travis","30.354944","-97.761803"
"07/23/2012","AQS","484530014","2","5.6","ppb","5","Austin North Hills Drive","24","100.0000","42602","Nitrogen dioxide (NO2)","12420","Austin-Round Rock, TX","48","Texas","453","Travis","30.354944","-97.761803"
"07/24/2012","AQS","484530014","2","5.2","ppb","5","Austin North Hills Drive","24","100.0000","42602","Nitrogen dioxide (NO2)","12420","Austin-Round Rock, TX","48","Texas","453","Travis","30.354944","-97.761803"
"07/25/2012","AQS","484530014","2","5.4","ppb","5","Austin North Hills Drive","24","100.0000","42602","Nitrogen dioxide (NO2)","12420","Austin-Round Rock, TX","48","Texas","453","Travis","30.354944","-97.761803"
"07/26/2012","AQS","484530014","2","6.6","ppb","6","Austin North Hills Drive","24","100.0000","42602","Nitrogen dioxide (NO2)","12420","Austin-Round Rock, TX","48","Texas","453","Travis","30.354944","-97.761803"
"07/27/2012","AQS","484530014","2","6.9","ppb","6","Austin North Hills Drive","24","100.0000","42602","Nitrogen dioxide (NO2)","12420","Austin-Round Rock, TX","48","Texas","453","Travis","30.354944","-97.761803"
"07/28/2012","AQS","484530014","2","12.3","ppb","11","Austin North Hills Drive","24","100.0000","42602","Nitrogen dioxide (NO2)","12420","Austin-Round Rock, TX","48","Texas","453","Travis","30.354944","-97.761803"
"07/29/2012","AQS","484530014","2","7.3","ppb","7","Austin North Hills Drive","22","92.0000","42602","Nitrogen dioxide (NO2)","12420","Austin-Round Rock, TX","48","Texas","453","Travis","30.354944","-97.761803"
"07/30/2012","AQS","484530014","2","10.4","ppb","9","Austin North Hills Drive","24","100.0000","42602","Nitrogen dioxide (NO2)","12420","Austin-Round Rock, TX","48","Texas","453","Travis","30.354944","-97.761803"
"07/31/2012","AQS","484530014","2","9.9","ppb","8","Austin North Hills Drive","24","100.0000","42602","Nitrogen dioxide (NO2)","12420","Austin-Round Rock, TX","48","Texas","453","Travis","30.354944","-97.761803"
"08/01/2012","AQS","484530014","2","9.5","ppb","8","Austin North Hills Drive","24","100.0000","42602","Nitrogen dioxide (NO2)","12420","Austin-Round Rock, TX","48","Texas","453","Travis","30.354944","-97.761803"
"08/02/2012","AQS","484530014","2","6","ppb","6","Austin North Hills Drive","24","100.0000","42602","Nitrogen dioxide (NO2)","12420","Austin-Round Rock, TX","48","Texas","453","Travis","30.354944","-97.761803"
"08/03/2012","AQS","484530014","2","9.1","ppb","8","Austin North Hills Drive","24","100.0000","42602","Nitrogen dioxide (NO2)","12420","Austin-Round Rock, TX","48","Texas","453","Travis","30.354944","-97.761803"
"08/04/2012","AQS","484530014","2","5","ppb","5","Austin North Hills Drive","24","100.0000","42602","Nitrogen dioxide (NO2)","12420","Austin-Round Rock, TX","48","Texas","453","Travis","30.354944","-97.761803"
"08/05/2012","AQS","484530014","2","9.9","ppb","8","Austin North Hills Drive","20","83.0000","42602","Nitrogen dioxide (NO2)","12420","Austin-Round Rock, TX","48","Texas","453","Travis","30.354944","-97.761803"
"08/06/2012","AQS","484530014","2","11.3","ppb","10","Austin North Hills Drive","24","100.0000","42602","Nitrogen dioxide (NO2)","12420","Austin-Round Rock, TX","48","Texas","453","Travis","30.354944","-97.761803"
"08/07/2012","AQS","484530014","2","8.4","ppb","8","Austin North Hills Drive","24","100.0000","42602","Nitrogen dioxide (NO2)","12420","Austin-Round Rock, TX","48","Texas","453","Travis","30.354944","-97.761803"
"08/08/2012","AQS","484530014","2","8.2","ppb","8","Austin North Hills Drive","24","100.0000","42602","Nitrogen dioxide (NO2)","12420","Austin-Round Rock, TX","48","Texas","453","Travis","30.354944","-97.761803"
"08/09/2012","AQS","484530014","2","6.5","ppb","6","Austin North Hills Drive","24","100.0000","42602","Nitrogen dioxide (NO2)","12420","Austin-Round Rock, TX","48","Texas","453","Travis","30.354944","-97.761803"
"08/10/2012","AQS","484530014","2","12.6","ppb","11","Austin North Hills Drive","24","100.0000","42602","Nitrogen dioxide (NO2)","12420","Austin-Round Rock, TX","48","Texas","453","Travis","30.354944","-97.761803"
"08/11/2012","AQS","484530014","2","11.1","ppb","10","Austin North Hills Drive","24","100.0000","42602","Nitrogen dioxide (NO2)","12420","Austin-Round Rock, TX","48","Texas","453","Travis","30.354944","-97.761803"
"08/12/2012","AQS","484530014","2","9.5","ppb","8","Austin North Hills Drive","22","92.0000","42602","Nitrogen dioxide (NO2)","12420","Austin-Round Rock, TX","48","Texas","453","Travis","30.354944","-97.761803"
"08/13/2012","AQS","484530014","2","9.2","ppb","8","Austin North Hills Drive","24","100.0000","42602","Nitrogen dioxide (NO2)","12420","Austin-Round Rock, TX","48","Texas","453","Travis","30.354944","-97.761803"
"08/14/2012","AQS","484530014","2","6.7","ppb","6","Austin North Hills Drive","24","100.0000","42602","Nitrogen dioxide (NO2)","12420","Austin-Round Rock, TX","48","Texas","453","Travis","30.354944","-97.761803"
"08/15/2012","AQS","484530014","2","7","ppb","7","Austin North Hills Drive","24","100.0000","42602","Nitrogen dioxide (NO2)","12420","Austin-Round Rock, TX","48","Texas","453","Travis","30.354944","-97.761803"
"08/16/2012","AQS","484530014","2","6.6","ppb","6","Austin North Hills Drive","24","100.0000","42602","Nitrogen dioxide (NO2)","12420","Austin-Round Rock, TX","48","Texas","453","Travis","30.354944","-97.761803"
"08/17/2012","AQS","484530014","2","7.6","ppb","7","Austin North Hills Drive","24","100.0000","42602","Nitrogen dioxide (NO2)","12420","Austin-Round Rock, TX","48","Texas","453","Travis","30.354944","-97.761803"
"08/18/2012","AQS","484530014","2","9.9","ppb","8","Austin North Hills Drive","24","100.0000","42602","Nitrogen dioxide (NO2)","12420","Austin-Round Rock, TX","48","Texas","453","Travis","30.354944","-97.761803"
"08/19/2012","AQS","484530014","2","11.6","ppb","10","Austin North Hills Drive","22","92.0000","42602","Nitrogen dioxide (NO2)","12420","Austin-Round Rock, TX","48","Texas","453","Travis","30.354944","-97.761803"
"08/20/2012","AQS","484530014","2","9.9","ppb","8","Austin North Hills Drive","24","100.0000","42602","Nitrogen dioxide (NO2)","12420","Austin-Round Rock, TX","48","Texas","453","Travis","30.354944","-97.761803"
"08/21/2012","AQS","484530014","2","13.4","ppb","12","Austin North Hills Drive","21","88.0000","42602","Nitrogen dioxide (NO2)","12420","Austin-Round Rock, TX","48","Texas","453","Travis","30.354944","-97.761803"
"08/22/2012","AQS","484530014","2","22.6","ppb","21","Austin North Hills Drive","18","75.0000","42602","Nitrogen dioxide (NO2)","12420","Austin-Round Rock, TX","48","Texas","453","Travis","30.354944","-97.761803"
"08/23/2012","AQS","484530014","2","10.4","ppb","9","Austin North Hills Drive","20","83.0000","42602","Nitrogen dioxide (NO2)","12420","Austin-Round Rock, TX","48","Texas","453","Travis","30.354944","-97.761803"
"08/24/2012","AQS","484530014","2","12","ppb","11","Austin North Hills Drive","24","100.0000","42602","Nitrogen dioxide (NO2)","12420","Austin-Round Rock, TX","48","Texas","453","Travis","30.354944","-97.761803"
"08/25/2012","AQS","484530014","2","5.2","ppb","5","Austin North Hills Drive","24","100.0000","42602","Nitrogen dioxide (NO2)","12420","Austin-Round Rock, TX","48","Texas","453","Travis","30.354944","-97.761803"
"08/26/2012","AQS","484530014","2","10","ppb","9","Austin North Hills Drive","22","92.0000","42602","Nitrogen dioxide (NO2)","12420","Austin-Round Rock, TX","48","Texas","453","Travis","30.354944","-97.761803"
"08/27/2012","AQS","484530014","2","10.1","ppb","9","Austin North Hills Drive","24","100.0000","42602","Nitrogen dioxide (NO2)","12420","Austin-Round Rock, TX","48","Texas","453","Travis","30.354944","-97.761803"
"08/28/2012","AQS","484530014","2","8","ppb","8","Austin North Hills Drive","19","79.0000","42602","Nitrogen dioxide (NO2)","12420","Austin-Round Rock, TX","48","Texas","453","Travis","30.354944","-97.761803"
"08/29/2012","AQS","484530014","2","7","ppb","7","Austin North Hills Drive","24","100.0000","42602","Nitrogen dioxide (NO2)","12420","Austin-Round Rock, TX","48","Texas","453","Travis","30.354944","-97.761803"
"08/30/2012","AQS","484530014","2","14.4","ppb","13","Austin North Hills Drive","24","100.0000","42602","Nitrogen dioxide (NO2)","12420","Austin-Round Rock, TX","48","Texas","453","Travis","30.354944","-97.761803"
"09/05/2012","AQS","484530014","2","9.6","ppb","8","Austin North Hills Drive","24","100.0000","42602","Nitrogen dioxide (NO2)","12420","Austin-Round Rock, TX","48","Texas","453","Travis","30.354944","-97.761803"
"09/06/2012","AQS","484530014","2","15.5","ppb","14","Austin North Hills Drive","24","100.0000","42602","Nitrogen dioxide (NO2)","12420","Austin-Round Rock, TX","48","Texas","453","Travis","30.354944","-97.761803"
"09/07/2012","AQS","484530014","2","27.7","ppb","25","Austin North Hills Drive","24","100.0000","42602","Nitrogen dioxide (NO2)","12420","Austin-Round Rock, TX","48","Texas","453","Travis","30.354944","-97.761803"
"09/08/2012","AQS","484530014","2","7.9","ppb","7","Austin North Hills Drive","24","100.0000","42602","Nitrogen dioxide (NO2)","12420","Austin-Round Rock, TX","48","Texas","453","Travis","30.354944","-97.761803"
"09/09/2012","AQS","484530014","2","22.6","ppb","21","Austin North Hills Drive","22","92.0000","42602","Nitrogen dioxide (NO2)","12420","Austin-Round Rock, TX","48","Texas","453","Travis","30.354944","-97.761803"
"09/10/2012","AQS","484530014","2","17.8","ppb","16","Austin North Hills Drive","24","100.0000","42602","Nitrogen dioxide (NO2)","12420","Austin-Round Rock, TX","48","Texas","453","Travis","30.354944","-97.761803"
"09/11/2012","AQS","484530014","2","23.2","ppb","22","Austin North Hills Drive","24","100.0000","42602","Nitrogen dioxide (NO2)","12420","Austin-Round Rock, TX","48","Texas","453","Travis","30.354944","-97.761803"
"09/12/2012","AQS","484530014","2","9.1","ppb","8","Austin North Hills Drive","24","100.0000","42602","Nitrogen dioxide (NO2)","12420","Austin-Round Rock, TX","48","Texas","453","Travis","30.354944","-97.761803"
"09/13/2012","AQS","484530014","2","9.1","ppb","8","Austin North Hills Drive","24","100.0000","42602","Nitrogen dioxide (NO2)","12420","Austin-Round Rock, TX","48","Texas","453","Travis","30.354944","-97.761803"
"09/14/2012","AQS","484530014","2","4.3","ppb","4","Austin North Hills Drive","24","100.0000","42602","Nitrogen dioxide (NO2)","12420","Austin-Round Rock, TX","48","Texas","453","Travis","30.354944","-97.761803"
"09/15/2012","AQS","484530014","2","10.8","ppb","9","Austin North Hills Drive","24","100.0000","42602","Nitrogen dioxide (NO2)","12420","Austin-Round Rock, TX","48","Texas","453","Travis","30.354944","-97.761803"
"09/16/2012","AQS","484530014","2","11.2","ppb","10","Austin North Hills Drive","22","92.0000","42602","Nitrogen dioxide (NO2)","12420","Austin-Round Rock, TX","48","Texas","453","Travis","30.354944","-97.761803"
"09/17/2012","AQS","484530014","2","18","ppb","17","Austin North Hills Drive","24","100.0000","42602","Nitrogen dioxide (NO2)","12420","Austin-Round Rock, TX","48","Texas","453","Travis","30.354944","-97.761803"
"09/18/2012","AQS","484530014","2","15.8","ppb","14","Austin North Hills Drive","24","100.0000","42602","Nitrogen dioxide (NO2)","12420","Austin-Round Rock, TX","48","Texas","453","Travis","30.354944","-97.761803"
"09/19/2012","AQS","484530014","2","33.7","ppb","31","Austin North Hills Drive","24","100.0000","42602","Nitrogen dioxide (NO2)","12420","Austin-Round Rock, TX","48","Texas","453","Travis","30.354944","-97.761803"
"09/20/2012","AQS","484530014","2","25.8","ppb","24","Austin North Hills Drive","24","100.0000","42602","Nitrogen dioxide (NO2)","12420","Austin-Round Rock, TX","48","Texas","453","Travis","30.354944","-97.761803"
"09/21/2012","AQS","484530014","2","20.4","ppb","19","Austin North Hills Drive","24","100.0000","42602","Nitrogen dioxide (NO2)","12420","Austin-Round Rock, TX","48","Texas","453","Travis","30.354944","-97.761803"
"09/22/2012","AQS","484530014","2","20.2","ppb","19","Austin North Hills Drive","24","100.0000","42602","Nitrogen dioxide (NO2)","12420","Austin-Round Rock, TX","48","Texas","453","Travis","30.354944","-97.761803"
"09/23/2012","AQS","484530014","2","13","ppb","12","Austin North Hills Drive","22","92.0000","42602","Nitrogen dioxide (NO2)","12420","Austin-Round Rock, TX","48","Texas","453","Travis","30.354944","-97.761803"
"09/24/2012","AQS","484530014","2","18.2","ppb","17","Austin North Hills Drive","24","100.0000","42602","Nitrogen dioxide (NO2)","12420","Austin-Round Rock, TX","48","Texas","453","Travis","30.354944","-97.761803"
"09/25/2012","AQS","484530014","2","10","ppb","9","Austin North Hills Drive","24","100.0000","42602","Nitrogen dioxide (NO2)","12420","Austin-Round Rock, TX","48","Texas","453","Travis","30.354944","-97.761803"
"09/26/2012","AQS","484530014","2","17.5","ppb","16","Austin North Hills Drive","22","92.0000","42602","Nitrogen dioxide (NO2)","12420","Austin-Round Rock, TX","48","Texas","453","Travis","30.354944","-97.761803"
"09/27/2012","AQS","484530014","2","22.7","ppb","21","Austin North Hills Drive","24","100.0000","42602","Nitrogen dioxide (NO2)","12420","Austin-Round Rock, TX","48","Texas","453","Travis","30.354944","-97.761803"
"09/28/2012","AQS","484530014","2","12.3","ppb","11","Austin North Hills Drive","24","100.0000","42602","Nitrogen dioxide (NO2)","12420","Austin-Round Rock, TX","48","Texas","453","Travis","30.354944","-97.761803"
"09/29/2012","AQS","484530014","2","4.8","ppb","4","Austin North Hills Drive","24","100.0000","42602","Nitrogen dioxide (NO2)","12420","Austin-Round Rock, TX","48","Texas","453","Travis","30.354944","-97.761803"
"09/30/2012","AQS","484530014","2","4.9","ppb","4","Austin North Hills Drive","20","83.0000","42602","Nitrogen dioxide (NO2)","12420","Austin-Round Rock, TX","48","Texas","453","Travis","30.354944","-97.761803"
"10/01/2012","AQS","484530014","2","7.3","ppb","7","Austin North Hills Drive","24","100.0000","42602","Nitrogen dioxide (NO2)","12420","Austin-Round Rock, TX","48","Texas","453","Travis","30.354944","-97.761803"
"10/02/2012","AQS","484530014","2","27.2","ppb","25","Austin North Hills Drive","24","100.0000","42602","Nitrogen dioxide (NO2)","12420","Austin-Round Rock, TX","48","Texas","453","Travis","30.354944","-97.761803"
"10/03/2012","AQS","484530014","2","20","ppb","19","Austin North Hills Drive","24","100.0000","42602","Nitrogen dioxide (NO2)","12420","Austin-Round Rock, TX","48","Texas","453","Travis","30.354944","-97.761803"
"10/04/2012","AQS","484530014","2","14.4","ppb","13","Austin North Hills Drive","24","100.0000","42602","Nitrogen dioxide (NO2)","12420","Austin-Round Rock, TX","48","Texas","453","Travis","30.354944","-97.761803"
"10/05/2012","AQS","484530014","2","16.6","ppb","15","Austin North Hills Drive","24","100.0000","42602","Nitrogen dioxide (NO2)","12420","Austin-Round Rock, TX","48","Texas","453","Travis","30.354944","-97.761803"
"10/06/2012","AQS","484530014","2","6.8","ppb","6","Austin North Hills Drive","24","100.0000","42602","Nitrogen dioxide (NO2)","12420","Austin-Round Rock, TX","48","Texas","453","Travis","30.354944","-97.761803"
"10/07/2012","AQS","484530014","2","4.7","ppb","4","Austin North Hills Drive","22","92.0000","42602","Nitrogen dioxide (NO2)","12420","Austin-Round Rock, TX","48","Texas","453","Travis","30.354944","-97.761803"
"10/08/2012","AQS","484530014","2","26","ppb","25","Austin North Hills Drive","24","100.0000","42602","Nitrogen dioxide (NO2)","12420","Austin-Round Rock, TX","48","Texas","453","Travis","30.354944","-97.761803"
"10/09/2012","AQS","484530014","2","14.8","ppb","13","Austin North Hills Drive","24","100.0000","42602","Nitrogen dioxide (NO2)","12420","Austin-Round Rock, TX","48","Texas","453","Travis","30.354944","-97.761803"
"10/10/2012","AQS","484530014","2","16.9","ppb","15","Austin North Hills Drive","24","100.0000","42602","Nitrogen dioxide (NO2)","12420","Austin-Round Rock, TX","48","Texas","453","Travis","30.354944","-97.761803"
"10/11/2012","AQS","484530014","2","11.2","ppb","10","Austin North Hills Drive","24","100.0000","42602","Nitrogen dioxide (NO2)","12420","Austin-Round Rock, TX","48","Texas","453","Travis","30.354944","-97.761803"
"10/12/2012","AQS","484530014","2","14.4","ppb","13","Austin North Hills Drive","24","100.0000","42602","Nitrogen dioxide (NO2)","12420","Austin-Round Rock, TX","48","Texas","453","Travis","30.354944","-97.761803"
"10/13/2012","AQS","484530014","2","6.5","ppb","6","Austin North Hills Drive","24","100.0000","42602","Nitrogen dioxide (NO2)","12420","Austin-Round Rock, TX","48","Texas","453","Travis","30.354944","-97.761803"
"10/14/2012","AQS","484530014","2","8.6","ppb","8","Austin North Hills Drive","22","92.0000","42602","Nitrogen dioxide (NO2)","12420","Austin-Round Rock, TX","48","Texas","453","Travis","30.354944","-97.761803"
"10/15/2012","AQS","484530014","2","35.9","ppb","33","Austin North Hills Drive","24","100.0000","42602","Nitrogen dioxide (NO2)","12420","Austin-Round Rock, TX","48","Texas","453","Travis","30.354944","-97.761803"
"10/16/2012","AQS","484530014","2","31.7","ppb","29","Austin North Hills Drive","22","92.0000","42602","Nitrogen dioxide (NO2)","12420","Austin-Round Rock, TX","48","Texas","453","Travis","30.354944","-97.761803"
"10/17/2012","AQS","484530014","2","16.4","ppb","15","Austin North Hills Drive","24","100.0000","42602","Nitrogen dioxide (NO2)","12420","Austin-Round Rock, TX","48","Texas","453","Travis","30.354944","-97.761803"
"10/18/2012","AQS","484530014","2","22.6","ppb","21","Austin North Hills Drive","24","100.0000","42602","Nitrogen dioxide (NO2)","12420","Austin-Round Rock, TX","48","Texas","453","Travis","30.354944","-97.761803"
"10/19/2012","AQS","484530014","2","45.2","ppb","42","Austin North Hills Drive","24","100.0000","42602","Nitrogen dioxide (NO2)","12420","Austin-Round Rock, TX","48","Texas","453","Travis","30.354944","-97.761803"
"10/20/2012","AQS","484530014","2","31.3","ppb","29","Austin North Hills Drive","24","100.0000","42602","Nitrogen dioxide (NO2)","12420","Austin-Round Rock, TX","48","Texas","453","Travis","30.354944","-97.761803"
"10/21/2012","AQS","484530014","2","6.2","ppb","6","Austin North Hills Drive","22","92.0000","42602","Nitrogen dioxide (NO2)","12420","Austin-Round Rock, TX","48","Texas","453","Travis","30.354944","-97.761803"
"10/22/2012","AQS","484530014","2","9.9","ppb","8","Austin North Hills Drive","19","79.0000","42602","Nitrogen dioxide (NO2)","12420","Austin-Round Rock, TX","48","Texas","453","Travis","30.354944","-97.761803"
"10/23/2012","AQS","484530014","2","17.1","ppb","16","Austin North Hills Drive","23","96.0000","42602","Nitrogen dioxide (NO2)","12420","Austin-Round Rock, TX","48","Texas","453","Travis","30.354944","-97.761803"
"10/24/2012","AQS","484530014","2","17.9","ppb","16","Austin North Hills Drive","24","100.0000","42602","Nitrogen dioxide (NO2)","12420","Austin-Round Rock, TX","48","Texas","453","Travis","30.354944","-97.761803"
"10/25/2012","AQS","484530014","2","14.4","ppb","13","Austin North Hills Drive","24","100.0000","42602","Nitrogen dioxide (NO2)","12420","Austin-Round Rock, TX","48","Texas","453","Travis","30.354944","-97.761803"
"10/26/2012","AQS","484530014","2","5.3","ppb","5","Austin North Hills Drive","24","100.0000","42602","Nitrogen dioxide (NO2)","12420","Austin-Round Rock, TX","48","Texas","453","Travis","30.354944","-97.761803"
"10/27/2012","AQS","484530014","2","7.4","ppb","7","Austin North Hills Drive","24","100.0000","42602","Nitrogen dioxide (NO2)","12420","Austin-Round Rock, TX","48","Texas","453","Travis","30.354944","-97.761803"
"10/28/2012","AQS","484530014","2","23.4","ppb","22","Austin North Hills Drive","20","83.0000","42602","Nitrogen dioxide (NO2)","12420","Austin-Round Rock, TX","48","Texas","453","Travis","30.354944","-97.761803"
"10/29/2012","AQS","484530014","2","38.6","ppb","36","Austin North Hills Drive","24","100.0000","42602","Nitrogen dioxide (NO2)","12420","Austin-Round Rock, TX","48","Texas","453","Travis","30.354944","-97.761803"
"10/30/2012","AQS","484530014","2","40.8","ppb","38","Austin North Hills Drive","24","100.0000","42602","Nitrogen dioxide (NO2)","12420","Austin-Round Rock, TX","48","Texas","453","Travis","30.354944","-97.761803"
"10/31/2012","AQS","484530014","2","22.4","ppb","21","Austin North Hills Drive","24","100.0000","42602","Nitrogen dioxide (NO2)","12420","Austin-Round Rock, TX","48","Texas","453","Travis","30.354944","-97.761803"
"11/01/2012","AQS","484530014","2","35.9","ppb","33","Austin North Hills Drive","24","100.0000","42602","Nitrogen dioxide (NO2)","12420","Austin-Round Rock, TX","48","Texas","453","Travis","30.354944","-97.761803"
"11/02/2012","AQS","484530014","2","22.4","ppb","21","Austin North Hills Drive","24","100.0000","42602","Nitrogen dioxide (NO2)","12420","Austin-Round Rock, TX","48","Texas","453","Travis","30.354944","-97.761803"
"11/03/2012","AQS","484530014","2","12.4","ppb","11","Austin North Hills Drive","24","100.0000","42602","Nitrogen dioxide (NO2)","12420","Austin-Round Rock, TX","48","Texas","453","Travis","30.354944","-97.761803"
"11/04/2012","AQS","484530014","2","22.9","ppb","21","Austin North Hills Drive","22","92.0000","42602","Nitrogen dioxide (NO2)","12420","Austin-Round Rock, TX","48","Texas","453","Travis","30.354944","-97.761803"
"11/05/2012","AQS","484530014","2","9.6","ppb","8","Austin North Hills Drive","24","100.0000","42602","Nitrogen dioxide (NO2)","12420","Austin-Round Rock, TX","48","Texas","453","Travis","30.354944","-97.761803"
"11/06/2012","AQS","484530014","2","46.4","ppb","43","Austin North Hills Drive","24","100.0000","42602","Nitrogen dioxide (NO2)","12420","Austin-Round Rock, TX","48","Texas","453","Travis","30.354944","-97.761803"
"11/07/2012","AQS","484530014","2","36.3","ppb","34","Austin North Hills Drive","24","100.0000","42602","Nitrogen dioxide (NO2)","12420","Austin-Round Rock, TX","48","Texas","453","Travis","30.354944","-97.761803"
"11/08/2012","AQS","484530014","2","25.9","ppb","24","Austin North Hills Drive","24","100.0000","42602","Nitrogen dioxide (NO2)","12420","Austin-Round Rock, TX","48","Texas","453","Travis","30.354944","-97.761803"
"11/09/2012","AQS","484530014","2","17.4","ppb","16","Austin North Hills Drive","24","100.0000","42602","Nitrogen dioxide (NO2)","12420","Austin-Round Rock, TX","48","Texas","453","Travis","30.354944","-97.761803"
"11/10/2012","AQS","484530014","2","7.4","ppb","7","Austin North Hills Drive","24","100.0000","42602","Nitrogen dioxide (NO2)","12420","Austin-Round Rock, TX","48","Texas","453","Travis","30.354944","-97.761803"
"11/11/2012","AQS","484530014","2","4.5","ppb","4","Austin North Hills Drive","22","92.0000","42602","Nitrogen dioxide (NO2)","12420","Austin-Round Rock, TX","48","Texas","453","Travis","30.354944","-97.761803"
"11/12/2012","AQS","484530014","2","16.3","ppb","15","Austin North Hills Drive","24","100.0000","42602","Nitrogen dioxide (NO2)","12420","Austin-Round Rock, TX","48","Texas","453","Travis","30.354944","-97.761803"
"11/13/2012","AQS","484530014","2","22.4","ppb","21","Austin North Hills Drive","24","100.0000","42602","Nitrogen dioxide (NO2)","12420","Austin-Round Rock, TX","48","Texas","453","Travis","30.354944","-97.761803"
"11/14/2012","AQS","484530014","2","39.7","ppb","37","Austin North Hills Drive","24","100.0000","42602","Nitrogen dioxide (NO2)","12420","Austin-Round Rock, TX","48","Texas","453","Travis","30.354944","-97.761803"
"11/15/2012","AQS","484530014","2","34.6","ppb","32","Austin North Hills Drive","24","100.0000","42602","Nitrogen dioxide (NO2)","12420","Austin-Round Rock, TX","48","Texas","453","Travis","30.354944","-97.761803"
"11/16/2012","AQS","484530014","2","31.1","ppb","29","Austin North Hills Drive","24","100.0000","42602","Nitrogen dioxide (NO2)","12420","Austin-Round Rock, TX","48","Texas","453","Travis","30.354944","-97.761803"
"11/17/2012","AQS","484530014","2","31.9","ppb","29","Austin North Hills Drive","24","100.0000","42602","Nitrogen dioxide (NO2)","12420","Austin-Round Rock, TX","48","Texas","453","Travis","30.354944","-97.761803"
"11/18/2012","AQS","484530014","2","24.8","ppb","23","Austin North Hills Drive","22","92.0000","42602","Nitrogen dioxide (NO2)","12420","Austin-Round Rock, TX","48","Texas","453","Travis","30.354944","-97.761803"
"11/19/2012","AQS","484530014","2","21.7","ppb","20","Austin North Hills Drive","24","100.0000","42602","Nitrogen dioxide (NO2)","12420","Austin-Round Rock, TX","48","Texas","453","Travis","30.354944","-97.761803"
"11/20/2012","AQS","484530014","2","48.6","ppb","45","Austin North Hills Drive","24","100.0000","42602","Nitrogen dioxide (NO2)","12420","Austin-Round Rock, TX","48","Texas","453","Travis","30.354944","-97.761803"
"11/21/2012","AQS","484530014","2","27.1","ppb","25","Austin North Hills Drive","24","100.0000","42602","Nitrogen dioxide (NO2)","12420","Austin-Round Rock, TX","48","Texas","453","Travis","30.354944","-97.761803"
"11/22/2012","AQS","484530014","2","10.6","ppb","9","Austin North Hills Drive","24","100.0000","42602","Nitrogen dioxide (NO2)","12420","Austin-Round Rock, TX","48","Texas","453","Travis","30.354944","-97.761803"
"11/23/2012","AQS","484530014","2","9","ppb","8","Austin North Hills Drive","24","100.0000","42602","Nitrogen dioxide (NO2)","12420","Austin-Round Rock, TX","48","Texas","453","Travis","30.354944","-97.761803"
"11/24/2012","AQS","484530014","2","32.6","ppb","30","Austin North Hills Drive","24","100.0000","42602","Nitrogen dioxide (NO2)","12420","Austin-Round Rock, TX","48","Texas","453","Travis","30.354944","-97.761803"
"11/25/2012","AQS","484530014","2","13.3","ppb","12","Austin North Hills Drive","20","83.0000","42602","Nitrogen dioxide (NO2)","12420","Austin-Round Rock, TX","48","Texas","453","Travis","30.354944","-97.761803"
"11/26/2012","AQS","484530014","2","10.3","ppb","9","Austin North Hills Drive","24","100.0000","42602","Nitrogen dioxide (NO2)","12420","Austin-Round Rock, TX","48","Texas","453","Travis","30.354944","-97.761803"
"11/27/2012","AQS","484530014","2","23.8","ppb","22","Austin North Hills Drive","24","100.0000","42602","Nitrogen dioxide (NO2)","12420","Austin-Round Rock, TX","48","Texas","453","Travis","30.354944","-97.761803"
"11/28/2012","AQS","484530014","2","35.9","ppb","33","Austin North Hills Drive","23","96.0000","42602","Nitrogen dioxide (NO2)","12420","Austin-Round Rock, TX","48","Texas","453","Travis","30.354944","-97.761803"
"11/29/2012","AQS","484530014","2","34.1","ppb","32","Austin North Hills Drive","21","88.0000","42602","Nitrogen dioxide (NO2)","12420","Austin-Round Rock, TX","48","Texas","453","Travis","30.354944","-97.761803"
"11/30/2012","AQS","484530014","2","30.6","ppb","28","Austin North Hills Drive","24","100.0000","42602","Nitrogen dioxide (NO2)","12420","Austin-Round Rock, TX","48","Texas","453","Travis","30.354944","-97.761803"
"12/01/2012","AQS","484530014","2","10.8","ppb","9","Austin North Hills Drive","24","100.0000","42602","Nitrogen dioxide (NO2)","12420","Austin-Round Rock, TX","48","Texas","453","Travis","30.354944","-97.761803"
"12/02/2012","AQS","484530014","2","15.1","ppb","14","Austin North Hills Drive","22","92.0000","42602","Nitrogen dioxide (NO2)","12420","Austin-Round Rock, TX","48","Texas","453","Travis","30.354944","-97.761803"
"12/03/2012","AQS","484530014","2","17.2","ppb","16","Austin North Hills Drive","24","100.0000","42602","Nitrogen dioxide (NO2)","12420","Austin-Round Rock, TX","48","Texas","453","Travis","30.354944","-97.761803"
"12/04/2012","AQS","484530014","2","13.1","ppb","12","Austin North Hills Drive","24","100.0000","42602","Nitrogen dioxide (NO2)","12420","Austin-Round Rock, TX","48","Texas","453","Travis","30.354944","-97.761803"
"12/05/2012","AQS","484530014","2","34.5","ppb","32","Austin North Hills Drive","24","100.0000","42602","Nitrogen dioxide (NO2)","12420","Austin-Round Rock, TX","48","Texas","453","Travis","30.354944","-97.761803"
"12/06/2012","AQS","484530014","2","29.4","ppb","27","Austin North Hills Drive","24","100.0000","42602","Nitrogen dioxide (NO2)","12420","Austin-Round Rock, TX","48","Texas","453","Travis","30.354944","-97.761803"
"12/07/2012","AQS","484530014","2","37","ppb","35","Austin North Hills Drive","24","100.0000","42602","Nitrogen dioxide (NO2)","12420","Austin-Round Rock, TX","48","Texas","453","Travis","30.354944","-97.761803"
"12/08/2012","AQS","484530014","2","15.5","ppb","14","Austin North Hills Drive","24","100.0000","42602","Nitrogen dioxide (NO2)","12420","Austin-Round Rock, TX","48","Texas","453","Travis","30.354944","-97.761803"
"12/09/2012","AQS","484530014","2","10.9","ppb","9","Austin North Hills Drive","22","92.0000","42602","Nitrogen dioxide (NO2)","12420","Austin-Round Rock, TX","48","Texas","453","Travis","30.354944","-97.761803"
"12/10/2012","AQS","484530014","2","13.5","ppb","12","Austin North Hills Drive","20","83.0000","42602","Nitrogen dioxide (NO2)","12420","Austin-Round Rock, TX","48","Texas","453","Travis","30.354944","-97.761803"
"12/11/2012","AQS","484530014","2","34.3","ppb","32","Austin North Hills Drive","24","100.0000","42602","Nitrogen dioxide (NO2)","12420","Austin-Round Rock, TX","48","Texas","453","Travis","30.354944","-97.761803"
"12/13/2012","AQS","484530014","2","30.9","ppb","28","Austin North Hills Drive","24","100.0000","42602","Nitrogen dioxide (NO2)","12420","Austin-Round Rock, TX","48","Texas","453","Travis","30.354944","-97.761803"
"12/14/2012","AQS","484530014","2","15.6","ppb","14","Austin North Hills Drive","24","100.0000","42602","Nitrogen dioxide (NO2)","12420","Austin-Round Rock, TX","48","Texas","453","Travis","30.354944","-97.761803"
"12/15/2012","AQS","484530014","2","31.1","ppb","29","Austin North Hills Drive","24","100.0000","42602","Nitrogen dioxide (NO2)","12420","Austin-Round Rock, TX","48","Texas","453","Travis","30.354944","-97.761803"
"12/16/2012","AQS","484530014","2","19.1","ppb","18","Austin North Hills Drive","22","92.0000","42602","Nitrogen dioxide (NO2)","12420","Austin-Round Rock, TX","48","Texas","453","Travis","30.354944","-97.761803"
"12/17/2012","AQS","484530014","2","24","ppb","23","Austin North Hills Drive","24","100.0000","42602","Nitrogen dioxide (NO2)","12420","Austin-Round Rock, TX","48","Texas","453","Travis","30.354944","-97.761803"
"12/18/2012","AQS","484530014","2","40.4","ppb","38","Austin North Hills Drive","24","100.0000","42602","Nitrogen dioxide (NO2)","12420","Austin-Round Rock, TX","48","Texas","453","Travis","30.354944","-97.761803"
"12/19/2012","AQS","484530014","2","8.3","ppb","8","Austin North Hills Drive","24","100.0000","42602","Nitrogen dioxide (NO2)","12420","Austin-Round Rock, TX","48","Texas","453","Travis","30.354944","-97.761803"
"12/20/2012","AQS","484530014","2","8.7","ppb","8","Austin North Hills Drive","24","100.0000","42602","Nitrogen dioxide (NO2)","12420","Austin-Round Rock, TX","48","Texas","453","Travis","30.354944","-97.761803"
"12/21/2012","AQS","484530014","2","28.8","ppb","26","Austin North Hills Drive","24","100.0000","42602","Nitrogen dioxide (NO2)","12420","Austin-Round Rock, TX","48","Texas","453","Travis","30.354944","-97.761803"
"12/22/2012","AQS","484530014","2","17.5","ppb","16","Austin North Hills Drive","24","100.0000","42602","Nitrogen dioxide (NO2)","12420","Austin-Round Rock, TX","48","Texas","453","Travis","30.354944","-97.761803"
"12/23/2012","AQS","484530014","2","9","ppb","8","Austin North Hills Drive","20","83.0000","42602","Nitrogen dioxide (NO2)","12420","Austin-Round Rock, TX","48","Texas","453","Travis","30.354944","-97.761803"
"12/24/2012","AQS","484530014","2","26.6","ppb","25","Austin North Hills Drive","24","100.0000","42602","Nitrogen dioxide (NO2)","12420","Austin-Round Rock, TX","48","Texas","453","Travis","30.354944","-97.761803"
"12/25/2012","AQS","484530014","2","11.6","ppb","10","Austin North Hills Drive","24","100.0000","42602","Nitrogen dioxide (NO2)","12420","Austin-Round Rock, TX","48","Texas","453","Travis","30.354944","-97.761803"
"12/26/2012","AQS","484530014","2","14.1","ppb","13","Austin North Hills Drive","24","100.0000","42602","Nitrogen dioxide (NO2)","12420","Austin-Round Rock, TX","48","Texas","453","Travis","30.354944","-97.761803"
"12/27/2012","AQS","484530014","2","25.2","ppb","24","Austin North Hills Drive","24","100.0000","42602","Nitrogen dioxide (NO2)","12420","Austin-Round Rock, TX","48","Texas","453","Travis","30.354944","-97.761803"
"12/28/2012","AQS","484530014","2","8.5","ppb","8","Austin North Hills Drive","21","88.0000","42602","Nitrogen dioxide (NO2)","12420","Austin-Round Rock, TX","48","Texas","453","Travis","30.354944","-97.761803"
"12/29/2012","AQS","484530014","2","31.1","ppb","29","Austin North Hills Drive","24","100.0000","42602","Nitrogen dioxide (NO2)","12420","Austin-Round Rock, TX","48","Texas","453","Travis","30.354944","-97.761803"
"12/30/2012","AQS","484530014","2","25.1","ppb","24","Austin North Hills Drive","22","92.0000","42602","Nitrogen dioxide (NO2)","12420","Austin-Round Rock, TX","48","Texas","453","Travis","30.354944","-97.761803"
"12/31/2012","AQS","484530014","2","17.2","ppb","16","Austin North Hills Drive","24","100.0000","42602","Nitrogen dioxide (NO2)","12420","Austin-Round Rock, TX","48","Texas","453","Travis","30.354944","-97.761803"
"01/06/2012","AQS","484530020","1","8.2","ppb","8","Austin Audubon Society","19","79.0000","42602","Nitrogen dioxide (NO2)","12420","Austin-Round Rock, TX","48","Texas","453","Travis","30.483163","-97.875084"
"01/07/2012","AQS","484530020","1","4.5","ppb","4","Austin Audubon Society","24","100.0000","42602","Nitrogen dioxide (NO2)","12420","Austin-Round Rock, TX","48","Texas","453","Travis","30.483163","-97.875084"
"01/08/2012","AQS","484530020","1","8.9","ppb","8","Austin Audubon Society","22","92.0000","42602","Nitrogen dioxide (NO2)","12420","Austin-Round Rock, TX","48","Texas","453","Travis","30.483163","-97.875084"
"01/09/2012","AQS","484530020","1","4.8","ppb","4","Austin Audubon Society","24","100.0000","42602","Nitrogen dioxide (NO2)","12420","Austin-Round Rock, TX","48","Texas","453","Travis","30.483163","-97.875084"
"01/10/2012","AQS","484530020","1","2.4","ppb","2","Austin Audubon Society","24","100.0000","42602","Nitrogen dioxide (NO2)","12420","Austin-Round Rock, TX","48","Texas","453","Travis","30.483163","-97.875084"
"01/11/2012","AQS","484530020","1","2.3","ppb","2","Austin Audubon Society","24","100.0000","42602","Nitrogen dioxide (NO2)","12420","Austin-Round Rock, TX","48","Texas","453","Travis","30.483163","-97.875084"
"01/12/2012","AQS","484530020","1","1","ppb","1","Austin Audubon Society","24","100.0000","42602","Nitrogen dioxide (NO2)","12420","Austin-Round Rock, TX","48","Texas","453","Travis","30.483163","-97.875084"
"01/13/2012","AQS","484530020","1","7.3","ppb","7","Austin Audubon Society","24","100.0000","42602","Nitrogen dioxide (NO2)","12420","Austin-Round Rock, TX","48","Texas","453","Travis","30.483163","-97.875084"
"01/14/2012","AQS","484530020","1","8.4","ppb","8","Austin Audubon Society","24","100.0000","42602","Nitrogen dioxide (NO2)","12420","Austin-Round Rock, TX","48","Texas","453","Travis","30.483163","-97.875084"
"01/15/2012","AQS","484530020","1","4.4","ppb","4","Austin Audubon Society","22","92.0000","42602","Nitrogen dioxide (NO2)","12420","Austin-Round Rock, TX","48","Texas","453","Travis","30.483163","-97.875084"
"01/16/2012","AQS","484530020","1","3.8","ppb","3","Austin Audubon Society","24","100.0000","42602","Nitrogen dioxide (NO2)","12420","Austin-Round Rock, TX","48","Texas","453","Travis","30.483163","-97.875084"
"01/17/2012","AQS","484530020","1","3","ppb","3","Austin Audubon Society","19","79.0000","42602","Nitrogen dioxide (NO2)","12420","Austin-Round Rock, TX","48","Texas","453","Travis","30.483163","-97.875084"
"01/18/2012","AQS","484530020","1","13.7","ppb","12","Austin Audubon Society","24","100.0000","42602","Nitrogen dioxide (NO2)","12420","Austin-Round Rock, TX","48","Texas","453","Travis","30.483163","-97.875084"
"01/19/2012","AQS","484530020","1","6.7","ppb","6","Austin Audubon Society","24","100.0000","42602","Nitrogen dioxide (NO2)","12420","Austin-Round Rock, TX","48","Texas","453","Travis","30.483163","-97.875084"
"01/20/2012","AQS","484530020","1","5.2","ppb","5","Austin Audubon Society","24","100.0000","42602","Nitrogen dioxide (NO2)","12420","Austin-Round Rock, TX","48","Texas","453","Travis","30.483163","-97.875084"
"01/21/2012","AQS","484530020","1","12.7","ppb","11","Austin Audubon Society","24","100.0000","42602","Nitrogen dioxide (NO2)","12420","Austin-Round Rock, TX","48","Texas","453","Travis","30.483163","-97.875084"
"01/22/2012","AQS","484530020","1","10.7","ppb","9","Austin Audubon Society","20","83.0000","42602","Nitrogen dioxide (NO2)","12420","Austin-Round Rock, TX","48","Texas","453","Travis","30.483163","-97.875084"
"01/23/2012","AQS","484530020","1","19.2","ppb","18","Austin Audubon Society","24","100.0000","42602","Nitrogen dioxide (NO2)","12420","Austin-Round Rock, TX","48","Texas","453","Travis","30.483163","-97.875084"
"01/24/2012","AQS","484530020","1","18.3","ppb","17","Austin Audubon Society","23","96.0000","42602","Nitrogen dioxide (NO2)","12420","Austin-Round Rock, TX","48","Texas","453","Travis","30.483163","-97.875084"
"01/25/2012","AQS","484530020","1","3.1","ppb","3","Austin Audubon Society","24","100.0000","42602","Nitrogen dioxide (NO2)","12420","Austin-Round Rock, TX","48","Texas","453","Travis","30.483163","-97.875084"
"01/26/2012","AQS","484530020","1","2.4","ppb","2","Austin Audubon Society","23","96.0000","42602","Nitrogen dioxide (NO2)","12420","Austin-Round Rock, TX","48","Texas","453","Travis","30.483163","-97.875084"
"01/27/2012","AQS","484530020","1","8.2","ppb","8","Austin Audubon Society","24","100.0000","42602","Nitrogen dioxide (NO2)","12420","Austin-Round Rock, TX","48","Texas","453","Travis","30.483163","-97.875084"
"01/28/2012","AQS","484530020","1","4.3","ppb","4","Austin Audubon Society","24","100.0000","42602","Nitrogen dioxide (NO2)","12420","Austin-Round Rock, TX","48","Texas","453","Travis","30.483163","-97.875084"
"01/29/2012","AQS","484530020","1","6.2","ppb","6","Austin Audubon Society","22","92.0000","42602","Nitrogen dioxide (NO2)","12420","Austin-Round Rock, TX","48","Texas","453","Travis","30.483163","-97.875084"
"01/30/2012","AQS","484530020","1","8","ppb","8","Austin Audubon Society","24","100.0000","42602","Nitrogen dioxide (NO2)","12420","Austin-Round Rock, TX","48","Texas","453","Travis","30.483163","-97.875084"
"01/31/2012","AQS","484530020","1","3.1","ppb","3","Austin Audubon Society","22","92.0000","42602","Nitrogen dioxide (NO2)","12420","Austin-Round Rock, TX","48","Texas","453","Travis","30.483163","-97.875084"
"02/01/2012","AQS","484530020","1","15","ppb","14","Austin Audubon Society","24","100.0000","42602","Nitrogen dioxide (NO2)","12420","Austin-Round Rock, TX","48","Texas","453","Travis","30.483163","-97.875084"
"02/02/2012","AQS","484530020","1","14","ppb","13","Austin Audubon Society","24","100.0000","42602","Nitrogen dioxide (NO2)","12420","Austin-Round Rock, TX","48","Texas","453","Travis","30.483163","-97.875084"
"02/03/2012","AQS","484530020","1","7.3","ppb","7","Austin Audubon Society","24","100.0000","42602","Nitrogen dioxide (NO2)","12420","Austin-Round Rock, TX","48","Texas","453","Travis","30.483163","-97.875084"
"02/04/2012","AQS","484530020","1","3.6","ppb","3","Austin Audubon Society","24","100.0000","42602","Nitrogen dioxide (NO2)","12420","Austin-Round Rock, TX","48","Texas","453","Travis","30.483163","-97.875084"
"02/05/2012","AQS","484530020","1","2.8","ppb","2","Austin Audubon Society","22","92.0000","42602","Nitrogen dioxide (NO2)","12420","Austin-Round Rock, TX","48","Texas","453","Travis","30.483163","-97.875084"
"02/06/2012","AQS","484530020","1","14.9","ppb","13","Austin Audubon Society","24","100.0000","42602","Nitrogen dioxide (NO2)","12420","Austin-Round Rock, TX","48","Texas","453","Travis","30.483163","-97.875084"
"02/07/2012","AQS","484530020","1","9.8","ppb","8","Austin Audubon Society","24","100.0000","42602","Nitrogen dioxide (NO2)","12420","Austin-Round Rock, TX","48","Texas","453","Travis","30.483163","-97.875084"
"02/11/2012","AQS","484530020","1","2.3","ppb","2","Austin Audubon Society","24","100.0000","42602","Nitrogen dioxide (NO2)","12420","Austin-Round Rock, TX","48","Texas","453","Travis","30.483163","-97.875084"
"02/12/2012","AQS","484530020","1","5.6","ppb","5","Austin Audubon Society","22","92.0000","42602","Nitrogen dioxide (NO2)","12420","Austin-Round Rock, TX","48","Texas","453","Travis","30.483163","-97.875084"
"02/13/2012","AQS","484530020","1","10.6","ppb","9","Austin Audubon Society","24","100.0000","42602","Nitrogen dioxide (NO2)","12420","Austin-Round Rock, TX","48","Texas","453","Travis","30.483163","-97.875084"
"02/14/2012","AQS","484530020","1","8.8","ppb","8","Austin Audubon Society","24","100.0000","42602","Nitrogen dioxide (NO2)","12420","Austin-Round Rock, TX","48","Texas","453","Travis","30.483163","-97.875084"
"02/15/2012","AQS","484530020","1","4.2","ppb","4","Austin Audubon Society","24","100.0000","42602","Nitrogen dioxide (NO2)","12420","Austin-Round Rock, TX","48","Texas","453","Travis","30.483163","-97.875084"
"02/16/2012","AQS","484530020","1","12.7","ppb","11","Austin Audubon Society","24","100.0000","42602","Nitrogen dioxide (NO2)","12420","Austin-Round Rock, TX","48","Texas","453","Travis","30.483163","-97.875084"
"02/17/2012","AQS","484530020","1","6.1","ppb","6","Austin Audubon Society","24","100.0000","42602","Nitrogen dioxide (NO2)","12420","Austin-Round Rock, TX","48","Texas","453","Travis","30.483163","-97.875084"
"02/18/2012","AQS","484530020","1","2.9","ppb","2","Austin Audubon Society","24","100.0000","42602","Nitrogen dioxide (NO2)","12420","Austin-Round Rock, TX","48","Texas","453","Travis","30.483163","-97.875084"
"02/19/2012","AQS","484530020","1","9.3","ppb","8","Austin Audubon Society","20","83.0000","42602","Nitrogen dioxide (NO2)","12420","Austin-Round Rock, TX","48","Texas","453","Travis","30.483163","-97.875084"
"02/20/2012","AQS","484530020","1","5","ppb","5","Austin Audubon Society","24","100.0000","42602","Nitrogen dioxide (NO2)","12420","Austin-Round Rock, TX","48","Texas","453","Travis","30.483163","-97.875084"
"02/21/2012","AQS","484530020","1","11.4","ppb","10","Austin Audubon Society","24","100.0000","42602","Nitrogen dioxide (NO2)","12420","Austin-Round Rock, TX","48","Texas","453","Travis","30.483163","-97.875084"
"02/22/2012","AQS","484530020","1","2.6","ppb","2","Austin Audubon Society","24","100.0000","42602","Nitrogen dioxide (NO2)","12420","Austin-Round Rock, TX","48","Texas","453","Travis","30.483163","-97.875084"
"02/23/2012","AQS","484530020","1","6.9","ppb","6","Austin Audubon Society","24","100.0000","42602","Nitrogen dioxide (NO2)","12420","Austin-Round Rock, TX","48","Texas","453","Travis","30.483163","-97.875084"
"02/24/2012","AQS","484530020","1","6.6","ppb","6","Austin Audubon Society","24","100.0000","42602","Nitrogen dioxide (NO2)","12420","Austin-Round Rock, TX","48","Texas","453","Travis","30.483163","-97.875084"
"02/25/2012","AQS","484530020","1","5.8","ppb","5","Austin Audubon Society","24","100.0000","42602","Nitrogen dioxide (NO2)","12420","Austin-Round Rock, TX","48","Texas","453","Travis","30.483163","-97.875084"
"02/26/2012","AQS","484530020","1","3.8","ppb","3","Austin Audubon Society","22","92.0000","42602","Nitrogen dioxide (NO2)","12420","Austin-Round Rock, TX","48","Texas","453","Travis","30.483163","-97.875084"
"02/27/2012","AQS","484530020","1","5.8","ppb","5","Austin Audubon Society","24","100.0000","42602","Nitrogen dioxide (NO2)","12420","Austin-Round Rock, TX","48","Texas","453","Travis","30.483163","-97.875084"
"02/28/2012","AQS","484530020","1","4.5","ppb","4","Austin Audubon Society","24","100.0000","42602","Nitrogen dioxide (NO2)","12420","Austin-Round Rock, TX","48","Texas","453","Travis","30.483163","-97.875084"
"02/29/2012","AQS","484530020","1","17.5","ppb","16","Austin Audubon Society","24","100.0000","42602","Nitrogen dioxide (NO2)","12420","Austin-Round Rock, TX","48","Texas","453","Travis","30.483163","-97.875084"
"03/01/2012","AQS","484530020","1","14.8","ppb","13","Austin Audubon Society","24","100.0000","42602","Nitrogen dioxide (NO2)","12420","Austin-Round Rock, TX","48","Texas","453","Travis","30.483163","-97.875084"
"03/02/2012","AQS","484530020","1","6","ppb","6","Austin Audubon Society","24","100.0000","42602","Nitrogen dioxide (NO2)","12420","Austin-Round Rock, TX","48","Texas","453","Travis","30.483163","-97.875084"
"03/03/2012","AQS","484530020","1","3.7","ppb","3","Austin Audubon Society","24","100.0000","42602","Nitrogen dioxide (NO2)","12420","Austin-Round Rock, TX","48","Texas","453","Travis","30.483163","-97.875084"
"03/04/2012","AQS","484530020","1","5.3","ppb","5","Austin Audubon Society","22","92.0000","42602","Nitrogen dioxide (NO2)","12420","Austin-Round Rock, TX","48","Texas","453","Travis","30.483163","-97.875084"
"03/05/2012","AQS","484530020","1","4.9","ppb","4","Austin Audubon Society","24","100.0000","42602","Nitrogen dioxide (NO2)","12420","Austin-Round Rock, TX","48","Texas","453","Travis","30.483163","-97.875084"
"03/06/2012","AQS","484530020","1","3.2","ppb","3","Austin Audubon Society","24","100.0000","42602","Nitrogen dioxide (NO2)","12420","Austin-Round Rock, TX","48","Texas","453","Travis","30.483163","-97.875084"
"03/08/2012","AQS","484530020","1","2","ppb","2","Austin Audubon Society","24","100.0000","42602","Nitrogen dioxide (NO2)","12420","Austin-Round Rock, TX","48","Texas","453","Travis","30.483163","-97.875084"
"03/09/2012","AQS","484530020","1","3.1","ppb","3","Austin Audubon Society","24","100.0000","42602","Nitrogen dioxide (NO2)","12420","Austin-Round Rock, TX","48","Texas","453","Travis","30.483163","-97.875084"
"03/10/2012","AQS","484530020","1","4.4","ppb","4","Austin Audubon Society","24","100.0000","42602","Nitrogen dioxide (NO2)","12420","Austin-Round Rock, TX","48","Texas","453","Travis","30.483163","-97.875084"
"03/11/2012","AQS","484530020","1","3.6","ppb","3","Austin Audubon Society","22","92.0000","42602","Nitrogen dioxide (NO2)","12420","Austin-Round Rock, TX","48","Texas","453","Travis","30.483163","-97.875084"
"03/12/2012","AQS","484530020","1","6.7","ppb","6","Austin Audubon Society","24","100.0000","42602","Nitrogen dioxide (NO2)","12420","Austin-Round Rock, TX","48","Texas","453","Travis","30.483163","-97.875084"
"03/13/2012","AQS","484530020","1","6.8","ppb","6","Austin Audubon Society","18","75.0000","42602","Nitrogen dioxide (NO2)","12420","Austin-Round Rock, TX","48","Texas","453","Travis","30.483163","-97.875084"
"03/14/2012","AQS","484530020","1","3.1","ppb","3","Austin Audubon Society","24","100.0000","42602","Nitrogen dioxide (NO2)","12420","Austin-Round Rock, TX","48","Texas","453","Travis","30.483163","-97.875084"
"03/15/2012","AQS","484530020","1","4.3","ppb","4","Austin Audubon Society","24","100.0000","42602","Nitrogen dioxide (NO2)","12420","Austin-Round Rock, TX","48","Texas","453","Travis","30.483163","-97.875084"
"03/16/2012","AQS","484530020","1","2.9","ppb","2","Austin Audubon Society","24","100.0000","42602","Nitrogen dioxide (NO2)","12420","Austin-Round Rock, TX","48","Texas","453","Travis","30.483163","-97.875084"
"03/17/2012","AQS","484530020","1","2","ppb","2","Austin Audubon Society","24","100.0000","42602","Nitrogen dioxide (NO2)","12420","Austin-Round Rock, TX","48","Texas","453","Travis","30.483163","-97.875084"
"03/18/2012","AQS","484530020","1","1.6","ppb","1","Austin Audubon Society","20","83.0000","42602","Nitrogen dioxide (NO2)","12420","Austin-Round Rock, TX","48","Texas","453","Travis","30.483163","-97.875084"
"03/19/2012","AQS","484530020","1","2.2","ppb","2","Austin Audubon Society","24","100.0000","42602","Nitrogen dioxide (NO2)","12420","Austin-Round Rock, TX","48","Texas","453","Travis","30.483163","-97.875084"
"03/20/2012","AQS","484530020","1","1.9","ppb","1","Austin Audubon Society","24","100.0000","42602","Nitrogen dioxide (NO2)","12420","Austin-Round Rock, TX","48","Texas","453","Travis","30.483163","-97.875084"
"03/21/2012","AQS","484530020","1","11.5","ppb","10","Austin Audubon Society","24","100.0000","42602","Nitrogen dioxide (NO2)","12420","Austin-Round Rock, TX","48","Texas","453","Travis","30.483163","-97.875084"
"03/22/2012","AQS","484530020","1","3.6","ppb","3","Austin Audubon Society","24","100.0000","42602","Nitrogen dioxide (NO2)","12420","Austin-Round Rock, TX","48","Texas","453","Travis","30.483163","-97.875084"
"03/23/2012","AQS","484530020","1","16","ppb","15","Austin Audubon Society","24","100.0000","42602","Nitrogen dioxide (NO2)","12420","Austin-Round Rock, TX","48","Texas","453","Travis","30.483163","-97.875084"
"03/24/2012","AQS","484530020","1","13","ppb","12","Austin Audubon Society","24","100.0000","42602","Nitrogen dioxide (NO2)","12420","Austin-Round Rock, TX","48","Texas","453","Travis","30.483163","-97.875084"
"03/25/2012","AQS","484530020","1","10.1","ppb","9","Austin Audubon Society","22","92.0000","42602","Nitrogen dioxide (NO2)","12420","Austin-Round Rock, TX","48","Texas","453","Travis","30.483163","-97.875084"
"03/26/2012","AQS","484530020","1","6","ppb","6","Austin Audubon Society","24","100.0000","42602","Nitrogen dioxide (NO2)","12420","Austin-Round Rock, TX","48","Texas","453","Travis","30.483163","-97.875084"
"03/27/2012","AQS","484530020","1","6.4","ppb","6","Austin Audubon Society","24","100.0000","42602","Nitrogen dioxide (NO2)","12420","Austin-Round Rock, TX","48","Texas","453","Travis","30.483163","-97.875084"
"03/28/2012","AQS","484530020","1","5.9","ppb","5","Austin Audubon Society","24","100.0000","42602","Nitrogen dioxide (NO2)","12420","Austin-Round Rock, TX","48","Texas","453","Travis","30.483163","-97.875084"
"03/29/2012","AQS","484530020","1","3.4","ppb","3","Austin Audubon Society","24","100.0000","42602","Nitrogen dioxide (NO2)","12420","Austin-Round Rock, TX","48","Texas","453","Travis","30.483163","-97.875084"
"03/30/2012","AQS","484530020","1","5.1","ppb","5","Austin Audubon Society","24","100.0000","42602","Nitrogen dioxide (NO2)","12420","Austin-Round Rock, TX","48","Texas","453","Travis","30.483163","-97.875084"
"03/31/2012","AQS","484530020","1","3.2","ppb","3","Austin Audubon Society","24","100.0000","42602","Nitrogen dioxide (NO2)","12420","Austin-Round Rock, TX","48","Texas","453","Travis","30.483163","-97.875084"
